,s059,s103,fail_rate_%
2008-07-19,5.920536219016231,2.080841550595903,25.0
2008-07-20,5.4120908697508066,1.1940085555405116,0.0
2008-07-21,1.9399226070449778,2.2936814694091967,50.0
2008-07-22,0.49415735822321016,2.0276315708925794,0.0
2008-07-23,-0.46913155663481265,0.945695316925002,0.0
2008-07-25,4.392354912347536,0.02338900206739483,100.0
2008-07-27,3.123393567610786,0.8215386976172474,0.0
2008-07-28,3.469080464428359,0.8038020377161393,25.0
2008-07-29,3.7438408445236577,1.0875885961338647,33.3
2008-07-30,4.790667042123248,1.3713751545515898,40.0
2008-07-31,2.434877089029724,2.169524850101442,25.0
2008-08-01,4.230368055526105,1.7083716926726384,12.5
2008-08-02,6.095579920578479,2.2227348298047653,0.0
2008-08-03,4.336028431618917,1.6551617129693148,0.0
2008-08-04,2.050176388351318,1.93894827138704,11.1
2008-08-05,5.778707297935007,1.8502649718815012,3.6
2008-08-06,4.221832278908839,1.9744215911892558,5.3
2008-08-07,3.9553786079792133,1.7793183322770698,12.5
2008-08-08,0.012898698607408438,1.93894827138704,22.2
2008-08-09,2.649923201349156,2.1517881902003344,14.3
2008-08-10,0.4852840085193865,2.0631048906947953,41.7
2008-08-11,1.9015477808122732,1.9034749515848246,0.0
2008-08-12,-1.9627719028395743,1.8325283119803932,0.0
2008-08-13,1.9806845572469172,1.7970549921781778,0.0
2008-08-15,1.8318389384379419,1.9744215911892558,0.0
2008-08-16,3.886670428682894,1.9744215911892558,16.7
2008-08-17,0.236709654995698,1.4777951139582366,29.4
2008-08-18,3.118354083675734,0.8392753575183551,12.5
2008-08-19,2.402542409810085,0.7505920580128158,8.3
2008-08-20,1.048090680902393,0.8215386976172471,21.4
2008-08-21,0.8411583788420287,0.48454215949619855,6.8
2008-08-22,0.6549506530600242,0.0765989817707186,7.5
2008-08-23,0.5400914103584925,0.23622892088068867,7.7
2008-08-24,-0.14142042667648008,1.1940085555405116,14.3
2008-08-25,0.27683262756950894,0.5909621189028454,0.0
2008-08-27,0.9742224558543944,-0.0830309573392518,0.0
2008-08-28,0.2351664637428591,-0.01208431773482061,2.3
2008-08-29,0.24010949822460864,-0.02982097763592833,4.0
2008-08-30,0.1275529862206725,-0.0830309573392521,4.1
2008-08-31,-0.09944080212659728,0.537752139199522,11.1
2008-09-01,-0.07489441626112875,0.4668054995950909,3.8
2008-09-02,0.1241531429917618,0.4313321797928751,0.0
2008-09-03,0.32855364690293726,0.2717022406829047,6.7
2008-09-04,0.24283419528040232,0.1652822812762578,0.0
2008-09-05,-0.2549655455767662,0.23622892088068898,0.0
2008-09-07,0.23757770007541987,0.7328553981117079,0.0
2008-09-08,-0.18097675871213928,0.5909621189028454,0.0
2008-09-09,0.2145745054627902,0.5554887991006301,0.0
2008-09-10,0.07428877563440534,0.520015479298414,0.0
2008-09-11,0.35047178516591454,0.44906883969398315,10.5
2008-09-12,0.40834145714737274,0.2539655807817967,0.0
2008-09-13,0.9441784511506872,0.3426488802873359,16.7
2008-09-14,0.8494892003710262,0.12980896147404206,0.0
2008-09-15,0.3822518800290653,-0.15397759694368326,0.0
2008-09-16,0.7567651072024023,-0.5087107949658398,0.0
2008-09-17,0.7033803347995071,-0.7924973533835651,20.0
2008-09-18,-0.6385691337238572,-0.5087107949658398,0.0
2008-09-19,-0.1470024387863582,-0.5087107949658398,10.5
2008-09-20,-0.2882888316927558,-0.189450916745899,0.0
2008-09-21,-0.37629895783122347,0.05886232186961088,0.0
2008-09-22,-0.4575093975118698,-0.02982097763592833,0.0
2008-09-23,-0.4746050631097256,-0.22492423654811444,4.2
2008-09-24,-0.29530552942050764,-0.6860773939769179,4.3
2008-09-25,-0.233589935488615,-0.5441841147680555,0.0
2008-09-26,-0.7595649728917561,-0.4377641553614083,0.0
2008-09-27,-0.18130227561703502,-0.4377641553614083,0.0
2008-09-28,-0.1644236212891097,-0.2071875766470067,8.0
2008-09-29,0.0773510457767575,-0.7570240335813491,4.8
2008-09-30,0.1457457643498434,-0.11850427714146754,4.8
2008-10-01,-0.3882345776773993,0.48454215949619855,5.9
2008-10-02,0.10474269051464771,0.5554887991006301,14.3
2008-10-03,0.14903710194378883,0.5554887991006301,0.0
2008-10-04,-0.5414686466116354,0.2717022406829047,5.6
2008-10-05,0.006762102141041312,0.4135955198917674,18.8
2008-10-06,-0.43887054066117515,-0.17171425684479097,10.4
2008-10-07,-0.6018580605606196,-0.1894509167458987,3.6
2008-10-08,-0.5522107044731936,-0.2603975563503299,0.0
2008-10-09,-0.8492267959180277,-0.13624093704257556,25.0
2008-10-10,-0.06141560516211412,-0.5087107949658398,0.0
2008-10-11,-0.10284064535550794,-0.22492423654811444,0.0
2008-10-12,0.31386921763764225,-0.6151307543724868,0.0
2008-10-13,-0.2878427529712321,-0.24266089644922217,0.0
2008-10-14,-0.36489380997821114,-0.04755763753703635,0.0
2008-10-15,-0.400845343696692,-0.06529429743814408,2.9
2008-10-16,0.5194753397150981,-0.01208431773482061,0.0
2008-10-17,0.40855846841730314,0.23622892088068867,0.0
