group,n sensors,importance,std across folds,members
s059,1,0.11607529321141825,0.06921536568044483,s059
s205 + s341 + s477,3,0.025868639018105453,0.039796642996832395,s205 s341 s477
s131,1,0.02270734853211851,0.03367495861248859,s131
s203 + s207 + s339 (+3 more),6,0.021569515952603438,0.012143775299809126,s203 s207 s339 s343 s475 s479
s197 + s333 + s469,3,0.020996015703919835,0.04653868828099686,s197 s333 s469
s460,1,0.020168739439439243,0.02650527319957969,s460
s122 + s125 + s127 (+1 more),4,0.019404618900050085,0.02070909804381878,s122 s125 s127 s130
s247 + s385 + s519,3,0.016969231662857066,0.021975046475112267,s247 s385 s519
s549 + s552 + s555,3,0.01579114208307339,0.03822503795428534,s549 s552 s555
s252 + s390 + s524,3,0.015661120904371485,0.022246787250307504,s252 s390 s524
s183 + s187 + s319 (+4 more),7,0.013774884768448037,0.020086506621208346,s183 s187 s319 s323 s336 s455 s459
s090 + s115,2,0.013692805635880819,0.02212426941883163,s090 s115
s239 + s377,2,0.013376151305720679,0.020754108197296405,s239 s377
s021 + s022,2,0.012583969162575703,0.031467084834659556,s021 s022
s086,1,0.011929235935052084,0.016229901882839175,s086
s019,1,0.010526198286044683,0.010001548119146768,s019
s587 + s588,2,0.010353601449122585,0.033907933262978945,s587 s588
s164 + s299 + s435,3,0.008819569919584167,0.016536354693892717,s164 s299 s435
s225 + s250 + s363 (+3 more),6,0.008381489906835632,0.011395092048031413,s225 s250 s363 s388 s497 s522
s102,1,0.008236506941279092,0.016664310007934648,s102
s213 + s351,2,0.007751465286159243,0.010404674943409705,s213 s351
s159 + s294 + s430,3,0.006635939712107836,0.013684846688002506,s159 s294 s430
s171 + s306 + s442,3,0.006620449256418015,0.012928786422438157,s171 s306 s442
s163 + s298 + s434,3,0.0061704538554758935,0.009369138525565349,s163 s298 s434
s039,1,0.005476665058873034,0.011254900074441269,s039
s253 + s391 + s525,3,0.0053777243674157146,0.006607432937984253,s253 s391 s525
s166 + s301 + s437,3,0.00520700456490854,0.014950770977865785,s166 s301 s437
s011 + s017 + s147 (+5 more),8,0.004970707941430614,0.017085933206923587,s011 s017 s147 s153 s282 s288 s420 s426
s227 + s365,2,0.004758599324931181,0.011723102825213416,s227 s365
s248 + s386 + s520,3,0.004719667112825077,0.008737482548171034,s248 s386 s520
s094 + s096 + s098 (+1 more),4,0.004560188695673928,0.007423765921359671,s094 s096 s098 s101
s091,1,0.004472172769051147,0.017388619851124783,s091
s092 + s105,2,0.004300731204873986,0.008601462409747972,s092 s105
s113,1,0.004259092629727424,0.006085172353606662,s113
s138 + s273 + s411,3,0.0040148471716667244,0.014375461933964525,s138 s273 s411
s219 + s357 + s491,3,0.0035855083345305294,0.007933060745044086,s219 s357 s491
s126 + s128,2,0.0033540980872803633,0.0034418244996867096,s126 s128
s269 + s407 + s541,3,0.0032550211741330494,0.011816646317185483,s269 s407 s541
s251 + s389 + s523,3,0.0031203819857879454,0.0039677422711251464,s251 s389 s523
s345,1,0.0030107688347667055,0.009636997582274943,s345
s562,1,0.00290966941807799,0.0019196113046764224,s562
s043 + s056 + s060,3,0.002834144595216803,0.0043958273372778035,s043 s056 s060
s238 + s376,2,0.002694643829149429,0.0053892876582988586,s238 s376
s214 + s352,2,0.0026774465677000536,0.0073695690286252145,s214 s352
s142 + s277 + s415,3,0.0025598983798859943,0.005081511620049019,s142 s277 s415
s064 + s065,2,0.002510814208931661,0.014490837585129465,s064 s065
s029 + s030,2,0.0024191444546621033,0.005949827415435333,s029 s030
s145 + s280,2,0.002349000454624231,0.003327736683180308,s145 s280
s148 + s154 + s283 (+3 more),6,0.002258885826733198,0.006499236914630017,s148 s154 s283 s289 s421 s427
s488,1,0.0021751645188362477,0.008538930795868826,s488
s121 + s123 + s124,3,0.002120907886464396,0.005625915111880699,s121 s123 s124
s044,1,0.0020736898503240786,0.003547864885504307,s044
s144 + s279 + s417,3,0.0019305591029638801,0.025231497144876158,s144 s279 s417
s079,1,0.0017523023560952699,0.0039980580812509475,s079
s165 + s300 + s436,3,0.001716230235960664,0.0029620197572821625,s165 s300 s436
s571,1,0.001542945108929572,0.0019905240142755933,s571
s367,1,0.0015179506945398602,0.012821937785821238,s367
s589,1,0.001483954313379543,0.002967908626759086,s589
s195 + s331 + s467,3,0.0013085915944908073,0.003476090093350621,s195 s331 s467
s040,1,0.0013026865937623034,0.0020262643435156303,s040
s172 + s174 + s307 (+3 more),6,0.0011958140167966202,0.006650964526342262,s172 s174 s307 s309 s443 s445
s035,1,0.001146074599444824,0.0024106513724342156,s035
s204 + s340 + s476,3,0.0010494737643950535,0.0032349503359892446,s204 s340 s476
s224 + s362 + s496,3,0.0009220141330264858,0.0016825914799217332,s224 s362 s496
s033,1,0.000803433981239865,0.01590463360938396,s033
s267 + s268 + s405 (+3 more),6,0.0007860603322282333,0.004152873560185908,s267 s268 s405 s406 s539 s540
s181 + s317 + s453,3,0.0006990815337812428,0.0013981630675624856,s181 s317 s453
s119 + s254 + s392 (+1 more),4,0.0006036474077459608,0.0029428950905034984,s119 s254 s392 s526
s037,1,0.000534523783276361,0.001521144400428615,s037
s160 + s295 + s431,3,0.000525066553997644,0.001335414774950005,s160 s295 s431
s151 + s286 + s424,3,0.0005076350187065759,0.0010152700374131518,s151 s286 s424
s221 + s359 + s493,3,0.0004958832148258374,0.0007932092586253437,s221 s359 s493
s156 + s291 + s429,3,0.0004841967750661841,0.0052718719187047226,s156 s291 s429
s075,1,0.0004812437350954324,0.0018703804201013114,s075
s067,1,0.0004740211832974184,0.0027714620293871227,s067
s133,1,0.00047035949763277185,0.0018339332955751408,s133
s118,1,0.00046459786933272795,0.0009536580738834326,s118
s002,1,0.0004154792559628001,0.0010919968749322135,s002
s139 + s274 + s412,3,0.0003743296691352094,0.0019328772805560911,s139 s274 s412
s499,1,0.0003664659423173733,0.0007329318846347466,s499
s014,1,0.00028410499275159927,0.0005682099855031985,s014
s034 + s036,2,0.00024362660582676887,0.0004872532116535377,s034 s036
s093 + s106,2,0.00024289411679013218,0.00048578823358026425,s093 s106
s255 + s393 + s527,3,0.00023604896867581994,0.00047209793735163993,s255 s393 s527
s012 + s018,2,0.0002188883308784778,0.0013121077539203056,s012 s018
s559 + s560 + s561,3,0.00021038219435723927,0.00042076438871447853,s559 s560 s561
s185 + s321 + s457,3,0.0001980827088445547,0.0003961654176891094,s185 s321 s457
s007,1,0.00019571030789604095,0.0002494140885633161,s007
s051 + s188 + s324,3,0.00018853121754367763,0.0003194642514931705,s051 s188 s324
s016,1,0.00018605693376979592,0.00037211386753959185,s016
s551 + s554 + s557,3,0.00018522217733498713,0.0007843715116592733,s551 s554 s557
s120,1,0.0001351539514268918,0.0002703079028537836,s120
s368,1,0.0001340309135259954,0.0002680618270519908,s368
s586,1,8.851508731495538e-05,0.0013856015364592613,s586
s080,1,7.279310351041291e-05,0.00014558620702082581,s080
s215 + s353,2,5.8578885761423336e-05,0.00011715777152284667,s215 s353
s000,1,5.704486233109596e-05,0.015110406378039508,s000
s134,1,4.0807011344654034e-05,0.000218993759421691,s134
s004,1,3.318003914596912e-05,6.636007829193823e-05,s004
s047 + s048,2,2.728791790335694e-05,5.4575835806713883e-05,s047 s048
s550 + s553 + s556,3,1.5148488710908792e-05,3.0296977421817585e-05,s550 s553 s556
s228 + s366,2,9.132498847191917e-06,1.8264997694383835e-05,s228 s366
s570,1,6.600221394961747e-06,1.3200442789923494e-05,s570
s167 + s302 + s438,3,3.0264032718330112e-06,6.0528065436660224e-06,s167 s302 s438
s572 + s574 + s576,3,0.0,0.0,s572 s574 s576
s095,1,0.0,0.0,s095
s003,1,0.0,0.0,s003
s082,1,0.0,0.0,s082
s543 + s545,2,0.0,0.0,s543 s545
s542,1,0.0,0.0,s542
s135 + s270 + s408,3,0.0,0.0,s135 s270 s408
s546,1,0.0,0.0,s546
s108,1,0.0,0.0,s108
s116,1,0.0,0.0,s116
s500,1,0.0,0.0,s500
s161 + s296 + s432,3,0.0,0.0,s161 s296 s432
s023,1,0.0,0.0,s023
s089,1,0.0,0.0,s089
s212 + s350,2,0.0,0.0,s212 s350
s114 + s249 + s387 (+1 more),4,0.0,0.0,s114 s249 s387 s521
s006,1,0.0,0.0,s006
s548,1,0.0,0.0,s548
s544,1,0.0,0.0,s544
s433,1,0.0,0.0,s433
s200,1,0.0,0.0,s200
s483,1,0.0,0.0,s483
s211 + s349,2,0.0,0.0,s211 s349
s146 + s281,2,0.0,0.0,s146 s281
s170 + s305 + s441,3,0.0,0.0,s170 s305 s441
s132,1,0.0,0.0,s132
s068,1,0.0,0.0,s068
s058,1,0.0,0.0,s058
s177 + s312 + s448,3,0.0,0.0,s177 s312 s448
s076,1,0.0,0.0,s076
s565 + s567 + s569,3,0.0,0.0,s565 s567 s569
s511,1,0.0,0.0,s511
s418,1,0.0,0.0,s418
s107,1,0.0,0.0,s107
s100,1,0.0,0.0,s100
s088,1,0.0,0.0,s088
s564 + s566 + s568,3,0.0,0.0,s564 s566 s568
s558,1,0.0,0.0,s558
s482,1,-5.5541842985395995e-06,1.1108368597079199e-05,s482
s419,1,-1.3977308545515265e-05,2.795461709103053e-05,s419
s210 + s348,2,-1.4278115504928746e-05,7.349022225336242e-05,s210 s348
s057,1,-2.238095731958989e-05,4.476191463917978e-05,s057
s015,1,-3.782314222386951e-05,7.564628444773902e-05,s015
s129,1,-5.524139783859849e-05,0.0003891922160383394,s129
s468,1,-5.8932751533163905e-05,0.00011786550306632781,s468
s217 + s355,2,-8.200177015965648e-05,0.00016400354031931297,s217 s355
s346,1,-0.00011209576990358627,0.0003094259200443008,s346
s223 + s361 + s495,3,-0.00011818962732499938,0.00023637925464999875,s223 s361 s495
s087 + s222 + s360 (+1 more),4,-0.00015118602150516748,0.0003846857671675923,s087 s222 s360 s494
s112,1,-0.00015888242879658065,0.0003177648575931613,s112
s055,1,-0.0001601992511180067,0.0014948637951685358,s055
s184 + s320 + s456,3,-0.00016147209836729902,0.0007662384478546992,s184 s320 s456
s073,1,-0.00016618447807195124,0.0003323689561439025,s073
s078,1,-0.00017559298585556604,0.0003511859717111321,s078
s032,1,-0.0001766783915540332,0.0003533567831080664,s032
s008,1,-0.00020033538972292765,0.0004006707794458553,s008
s218 + s356 + s490,3,-0.00020220984945186206,0.0009091231893200293,s218 s356 s490
s038,1,-0.00021557131163357223,0.0006567726083551244,s038
s143 + s278 + s416,3,-0.0002629878643794159,0.0056699663534077556,s143 s278 s416
s175 + s310 + s446,3,-0.0003169238258933338,0.007561694242339652,s175 s310 s446
s071,1,-0.0003558470262939595,0.000711694052587919,s071
s099 + s104,2,-0.0003668751262852349,0.0007337502525704697,s099 s104
s053 + s054,2,-0.0003881627026393553,0.0010025478581636201,s053 s054
s583 + s584 + s585,3,-0.0004145376998422212,0.0008530699215910861,s583 s584 s585
s176 + s311 + s447,3,-0.0004211791658288944,0.0005266323516248969,s176 s311 s447
s173 + s308 + s444,3,-0.00044614292513259766,0.004676222854144213,s173 s308 s444
s485,1,-0.0004580417372674339,0.0009160834745348678,s485
s024,1,-0.0005040379069245037,0.0010080758138490075,s024
s582,1,-0.0005045369954996104,0.0007754496657504902,s582
s103 + s510,2,-0.0005218757005956753,0.0010046032258976708,s103 s510
s045 + s046 + s050 (+5 more),8,-0.0007108310378610788,0.00720208608581319,s045 s046 s050 s061 s062 s066 s070 s072
s001,1,-0.0008164328333896021,0.0016328656667792042,s001
s182 + s318 + s454,3,-0.0009473822854604019,0.002055701338623423,s182 s318 s454
s020,1,-0.0011277486334558273,0.0022554972669116546,s020
s028,1,-0.0012300823677686118,0.0023203336759439848,s028
s077,1,-0.0015850292511304098,0.00317005850226082,s077
s547,1,-0.0016602795437218488,0.0033205590874436975,s547
s150 + s285 + s423,3,-0.0017299958732464205,0.006711165350500112,s150 s285 s423
s010,1,-0.0017465243757312566,0.005716423349243655,s010
s041,1,-0.0018272778795506927,0.004998252644176321,s041
s083,1,-0.0018360018742274386,0.004154266544132247,s083
s152 + s287 + s425,3,-0.0019335744766760504,0.023930665915503083,s152 s287 s425
s487,1,-0.002238263670671947,0.004476527341343894,s487
s198 + s334 + s470,3,-0.0022625879893175436,0.004980073182053683,s198 s334 s470
s180 + s316 + s452,3,-0.002711877002833862,0.002441217673821596,s180 s316 s452
s168 + s303 + s439,3,-0.002779192599343244,0.003688876742999192,s168 s303 s439
s136 + s137 + s271 (+3 more),6,-0.002925630036135718,0.004003676912499066,s136 s137 s271 s272 s409 s410
s563,1,-0.003014635707174665,0.0172780099016522,s563
s140 + s275 + s413,3,-0.0032125808381290423,0.006425161676258085,s140 s275 s413
s216 + s354,2,-0.0033986114343349306,0.0049200877419449,s216 s354
s117,1,-0.003515020445741282,0.006392744880831728,s117
s196 + s201 + s202 (+5 more),8,-0.003772606163654074,0.005856820675852149,s196 s201 s202 s332 s337 s338 s473 s474
s155 + s290 + s428,3,-0.004236608125073737,0.010324275742073242,s155 s290 s428
s484,1,-0.004349341046802999,0.018624068629873237,s484
s063 + s472,2,-0.004478402757876565,0.021118042106494442,s063 s472
s084,1,-0.004525577073895703,0.009051154147791406,s084
s009,1,-0.004665470604397648,0.009091062780114886,s009
s489,1,-0.004756601302324049,0.009513202604648097,s489
s486,1,-0.005835388418081411,0.011670776836162822,s486
s199 + s335 + s471,3,-0.006381927274897931,0.011770356943247908,s199 s335 s471
s573 + s575 + s577,3,-0.006498182518133827,0.014881122853234141,s573 s575 s577
s025 + s026 + s027 (+6 more),9,-0.008926419441023136,0.012538261595955337,s025 s026 s027 s031 s162 s169 s297 s304 s440
s208 + s344 + s480,3,-0.009111360307357468,0.020952028073686537,s208 s344 s480
s081,1,-0.010478501204998592,0.019969973982631548,s081
