sensor,mean_pass,mean_fail,effect_size,missing_pct_pass,missing_pct_fail,missing_gap
s059,2.563464217032967,8.515123076923079,0.6243728232828266,0.4784688995215311,0.0,-0.4784688995215311
s103,-0.009912662559890486,-0.008052884615384615,0.6068684231270474,0.1367053998632946,0.0,-0.1367053998632946
s510,54.44059137577002,74.34794903846154,0.5281624033649025,0.1367053998632946,0.0,-0.1367053998632946
s348,0.024290687977762338,0.03044807692307692,0.5190641639458053,1.6404647983595353,0.0,-1.6404647983595353
s158,1027.4569415384617,1237.7999249999998,0.5170052808991799,91.11414900888585,92.3076923076923,1.1935432988064605
s111,231.8765227360308,230.82198333333332,-0.5008931879380503,64.52494873547505,71.15384615384616,6.6288974183711105
s293,331.65455461538465,398.87093749999997,0.48816305295750084,91.11414900888585,92.3076923076923,1.1935432988064605
s431,21.191220656634744,38.92410291262136,0.4872285669662717,0.0683526999316473,0.9615384615384616,0.8931857616068143
s085,0.11285162790697674,0.11144545454545454,-0.48019698243937176,85.30416951469583,89.42307692307693,4.118907408381105
s434,13.719237346101233,29.136890291262137,0.4520132196491472,0.0683526999316473,0.9615384615384616,0.8931857616068143
s430,17.368449863201093,33.37019805825243,0.44375237686393854,0.0683526999316473,0.9615384615384616,0.8931857616068143
s435,8.376003761969903,23.489068932038833,0.43971946552951746,0.0683526999316473,0.9615384615384616,0.8931857616068143
s021,-5636.437585499316,-5362.27427184466,0.43738610905533837,0.0683526999316473,0.9615384615384616,0.8931857616068143
s028,69.59803235294117,68.10140582524271,-0.43240343524739366,0.0683526999316473,0.9615384615384616,0.8931857616068143
s436,6.5329430232558146,21.42814660194175,0.4310228631762235,0.0683526999316473,0.9615384615384616,0.8931857616068143
s129,-0.5879594222833563,-0.08264134615384615,0.4140326706194139,0.6151742993848257,0.0,-0.6151742993848257
s298,0.06205738714090288,0.08860291262135922,0.41332160660402145,0.0683526999316473,0.9615384615384616,0.8931857616068143
s210,0.08770653231410702,0.10490576923076925,0.40887733622292904,1.6404647983595353,0.0,-1.6404647983595353
s163,0.13695690834473323,0.18630097087378641,0.40449603328560296,0.0683526999316473,0.9615384615384616,0.8931857616068143
s124,15.791836313617608,15.834807692307692,0.37646739813980623,0.6151742993848257,0.0,-0.6151742993848257
s295,246.0590158002736,351.5081436893204,0.37191431904191363,0.0683526999316473,0.9615384615384616,0.8931857616068143
s160,541.6046511627907,750.3980582524272,0.363239887720715,0.0683526999316473,0.9615384615384616,0.8931857616068143
s316,6.00126073871409,5.635603846153846,-0.3589695828196677,0.0683526999316473,0.0,-0.0683526999316473
s164,0.12227633378932969,0.20836893203883497,0.35497179153046254,0.0683526999316473,0.9615384615384616,0.8931857616068143
s299,0.0572109439124487,0.10364271844660194,0.35491411269388773,0.0683526999316473,0.9615384615384616,0.8931857616068143
s300,0.11345389876880986,0.18839611650485438,0.34197210536217426,0.0683526999316473,0.9615384615384616,0.8931857616068143
s121,15.794160935350757,15.828076923076923,0.34046138019726885,0.6151742993848257,0.0,-0.6151742993848257
s165,0.2429199726402189,0.3812718446601942,0.3396560566388227,0.0683526999316473,0.9615384615384616,0.8931857616068143
s125,1.191248280605227,1.0969807692307691,-0.336004050203679,0.6151742993848257,0.0,-0.6151742993848257
s294,391.41829110807106,549.3839077669903,0.33113005226472003,0.0683526999316473,0.9615384615384616,0.8931857616068143
s026,1.9425754445964432,1.8803,-0.32863890235123994,0.0683526999316473,0.9615384615384616,0.8931857616068143
s033,8.93126176470588,9.3681875,0.3249832021920929,0.0683526999316473,0.0,-0.0683526999316473
s180,19.082701778385772,18.03701923076923,-0.315760451714346,0.0683526999316473,0.0,-0.0683526999316473
s159,862.2756497948017,1172.3106796116506,0.31538297211267635,0.0683526999316473,0.9615384615384616,0.8931857616068143
s122,3.917335625859698,3.6335096153846154,-0.3139249903200009,0.6151742993848257,0.0,-0.6151742993848257
s452,5.365711764705882,5.081178846153847,-0.3095452998776529,0.0683526999316473,0.0,-0.0683526999316473
s079,0.002979082696316886,0.010089423076923076,0.3080783763571654,1.6404647983595353,0.0,-1.6404647983595353
s130,0.7432802613480054,0.7686903846153847,0.3078848200889941,0.6151742993848257,0.0,-0.6151742993848257
s064,20.440290521978024,21.967568269230767,0.30683831919236737,0.4784688995215311,0.0,-0.4784688995215311
s127,0.6511958046767538,0.610475,-0.30072480515888733,0.6151742993848257,0.0,-0.6151742993848257
s022,2705.15817373461,2617.339805825243,-0.29718715204093055,0.0683526999316473,0.9615384615384616,0.8931857616068143
s247,0.05174135723431498,0.07132816901408451,0.29286413844064074,46.616541353383454,31.73076923076923,-14.885772122614224
s123,15.827565337001374,15.858942307692306,0.2896827658736552,0.6151742993848257,0.0,-0.6151742993848257
s437,3.9868538987688096,4.441639805825242,0.2822524285820349,0.0683526999316473,0.9615384615384616,0.8931857616068143
s014,9.056840547945205,8.282810576923076,-0.27677579808716685,0.2050580997949419,0.0,-0.2050580997949419
s114,9.200273410799727e-05,0.0005519230769230768,0.2757160532596326,0.0,0.0,0.0
s133,1003.9246225429554,1005.7005471153848,0.27164358394921934,0.5468215994531784,0.0,-0.5468215994531784
s249,0.0007857826384142174,0.004996153846153846,0.26697278877912123,0.0,0.0,0.0
s387,0.00025105946684894056,0.0015798076923076924,0.26631772776270574,0.0,0.0,0.0
s100,-2.745367192862045e-05,6.538461538461539e-05,0.2611215371185422,0.4101161995898838,0.0,-0.4101161995898838
s557,1.5912058149058148,2.0754674418604653,0.25890342686831835,16.541353383458645,17.307692307692307,0.7663389242336613
s554,0.4934769041769042,0.6481976744186047,0.25836228446235815,16.541353383458645,17.307692307692307,0.7663389242336613
s551,1.2075757575757575,1.5591860465116278,0.25832475193760324,16.541353383458645,17.307692307692307,0.7663389242336613
s056,0.928733698630137,0.930488349514563,0.25775785235163584,0.2050580997949419,0.9615384615384616,0.7564803617435196
s220,0.00923767441860465,0.008727272727272728,-0.256611411025827,85.30416951469583,89.42307692307693,4.118907408381105
s519,11.393324455825862,15.41470985915493,0.254285989323985,46.616541353383454,31.73076923076923,-14.885772122614224
s460,28.98199001367989,32.225772115384615,0.24324980529667609,0.0683526999316473,0.0,-0.0683526999316473
s200,17.459471153846152,19.570288461538464,0.24288179485822328,0.4784688995215311,0.0,-0.4784688995215311
s095,5.8339052848318466e-05,8.365384615384616e-05,0.24246034469084368,0.4101161995898838,0.0,-0.4101161995898838
s063,13.875941071428569,15.585729807692307,0.24014348454142956,0.4784688995215311,0.0,-0.4784688995215311
s471,9.476705078929307,11.909639423076923,0.23912977733027924,0.4101161995898838,0.0,-0.4101161995898838
s110,101.2937310211946,101.74248000000001,0.23868517932010785,64.52494873547505,71.15384615384616,6.6288974183711105
s455,3.6225541039671683,3.834556730769231,0.2259259648001866,0.0683526999316473,0.0,-0.0683526999316473
s477,6.105093548387098,8.398981730769231,0.22522162992186698,0.4101161995898838,0.0,-0.4101161995898838
s058,4.592049383561643,4.611205825242719,0.22511889217906977,0.2050580997949419,0.9615384615384616,0.7564803617435196
s197,19.93495538778312,22.302788461538462,0.22439317833551753,0.4101161995898838,0.0,-0.4101161995898838
s183,26.559824076607384,28.08586538461539,0.2232327061786364,0.0683526999316473,0.0,-0.0683526999316473
s468,227.59087953296702,176.3233951923077,-0.2221613282453043,0.4784688995215311,0.0,-0.4784688995215311
s076,-0.02889339819318972,-0.036268269230769236,-0.22211273018339722,1.6404647983595353,0.0,-1.6404647983595353
s365,0.005159479808350445,0.005747115384615384,0.2212474810131255,0.1367053998632946,0.0,-0.1367053998632946
s126,2.7469958734525446,2.802913461538462,0.22060759947170802,0.6151742993848257,0.0,-0.6151742993848257
s511,271.14984818617387,343.82616923076927,0.22045528490907915,0.1367053998632946,0.0,-0.1367053998632946
s065,27.027495535714284,28.592296153846153,0.21972281032886498,0.4784688995215311,0.0,-0.4784688995215311
s550,16.942301392301392,18.021511627906975,0.21727808373246457,16.541353383458645,17.307692307692307,0.7663389242336613
s569,20.981064250411865,23.1907275,0.21635166640446268,17.019822282980176,23.076923076923077,6.057100793942901
s205,8.88474262182567,11.367019230769232,0.21508177923981528,0.4101161995898838,0.0,-0.4101161995898838
s553,7.672856592956593,8.144241860465117,0.21498453973208936,16.541353383458645,17.307692307692307,0.7663389242336613
s337,2.3031941620879124,2.6675057692307695,0.21437221709139787,0.4784688995215311,0.0,-0.4784688995215311
s196,8.464258241758243,11.827692307692306,0.2139463043475447,0.4784688995215311,0.0,-0.4784688995215311
s090,8833.289516985138,8748.61942038835,-0.21364415296561326,3.417634996582365,0.9615384615384616,-2.4560965350439035
s319,7.88522852257182,8.349119230769231,0.21288581524793124,0.0683526999316473,0.0,-0.0683526999316473
s575,0.10568195488721806,0.09132596153846155,-0.21176805560596007,0.0,0.0,0.0
s038,86.83031080711353,86.92465865384614,0.2111844831128374,0.0683526999316473,0.0,-0.0683526999316473
s469,5.617964035689774,6.283320192307693,0.2111112701264387,0.4101161995898838,0.0,-0.4101161995898838
s166,2.7733242134062928,3.0097087378640777,0.21110361932038976,0.0683526999316473,0.9615384615384616,0.8931857616068143
s157,0.04758692307692307,0.039262500000000006,-0.2105442011905235,91.11414900888585,92.3076923076923,1.1935432988064605
s032,85.30929938440491,85.73346442307692,0.20930409064952485,0.0683526999316473,0.0,-0.0683526999316473
s492,8.188857674418605,7.820790909090909,-0.20921654803539116,85.30416951469583,89.42307692307693,4.118907408381105
s068,147.49656225120108,146.61122596153845,-0.2088010413592261,0.4101161995898838,0.0,-0.4101161995898838
s070,619.2342210706933,617.2449288461539,-0.20853889564746148,0.4101161995898838,0.0,-0.4101161995898838
s199,11.303706245710364,14.731153846153846,0.20841178004859717,0.4101161995898838,0.0,-0.4101161995898838
s573,0.3490719070403281,0.29730865384615385,-0.20832116905375206,0.0,0.0,0.0
s040,68.23984155663655,63.27060576923077,-0.20650989305930753,1.6404647983595353,0.0,-1.6404647983595353
s543,0.008491854893908283,0.008175961538461538,-0.20598901851570228,0.1367053998632946,0.0,-0.1367053998632946
s542,0.11124565366187543,0.11068557692307694,-0.20464960713709512,0.1367053998632946,0.0,-0.1367053998632946
s556,4.199779524979525,4.460039534883721,0.20332679509936824,16.541353383458645,17.307692307692307,0.7663389242336613
s562,262.82556342668863,261.2747,-0.2032430503243588,17.019822282980176,23.076923076923077,6.057100793942901
s280,0.018120807665982203,0.016807692307692305,-0.20254714679903887,0.1367053998632946,0.0,-0.1367053998632946
s341,2.683375909402883,3.414610576923077,0.19936047199426563,0.4101161995898838,0.0,-0.4101161995898838
s577,16.80752918660287,14.318917307692308,-0.1993238816047829,0.0,0.0,0.0
s031,3.6801824213406293,3.573929126213592,-0.198484889687653,0.0683526999316473,0.9615384615384616,0.8931857616068143
s333,6.171586479066575,6.836201923076923,0.1952771634685183,0.4101161995898838,0.0,-0.4101161995898838
s547,403.4817182637183,404.4659069767442,0.19435438967114316,16.541353383458645,17.307692307692307,0.7663389242336613
s301,0.9059264021887824,0.9700388349514562,0.19312038974417714,0.0683526999316473,0.9615384615384616,0.8931857616068143
s433,202.657510875513,246.14010194174753,0.19258928443512682,0.0683526999316473,0.9615384615384616,0.8931857616068143
s423,77.24380842465753,83.5093951923077,0.19221399729731173,0.2050580997949419,0.0,-0.2050580997949419
s281,0.015164613278576317,0.014102884615384614,-0.19145834493847733,0.1367053998632946,0.0,-0.1367053998632946
s567,0.0597004942339374,0.0659425,0.19053188990172962,17.019822282980176,23.076923076923077,6.057100793942901
s565,0.14465510708401974,0.1600925,0.19029764342263064,17.019822282980176,23.076923076923077,6.057100793942901
s138,57.44575458937199,59.79421923076923,0.1902305814334714,0.9569377990430622,0.0,-0.9569377990430622
s188,42.93837346101231,47.049798076923075,0.18936293725709816,0.0683526999316473,0.0,-0.0683526999316473
s411,2.6091006211180123,2.713416346153846,0.1891579531595219,0.9569377990430622,0.0,-0.9569377990430622
s582,0.500053488372093,0.5006961538461538,0.18877911327491873,0.0683526999316473,0.0,-0.0683526999316473
s099,0.0007617707618393961,0.012444230769230765,0.18620316782884955,0.4101161995898838,0.0,-0.4101161995898838
s292,0.014610769230769231,0.012474999999999998,-0.1858216188691767,91.11414900888585,92.3076923076923,1.1935432988064605
s488,355.759291104934,309.1308076923077,-0.18500154502046506,1.6404647983595353,0.0,-1.6404647983595353
s545,7.627522861054072,7.3849519230769225,-0.18438827594428397,0.1367053998632946,0.0,-0.1367053998632946
s203,29.861011393273852,33.04502115384616,0.18234146194375353,0.4101161995898838,0.0,-0.4101161995898838
s349,0.02512369701181376,0.02703076923076923,0.17985804973672934,1.6404647983595353,0.0,-1.6404647983595353
s475,4.231559643102265,4.697063461538462,0.1782737659813838,0.4101161995898838,0.0,-0.4101161995898838
s145,0.06393230663928816,0.05925384615384615,-0.17627572158569949,0.1367053998632946,0.0,-0.1367053998632946
s211,0.0564589298123697,0.06085096153846154,0.17564513045451055,1.6404647983595353,0.0,-1.6404647983595353
s213,0.0597189020152884,0.06902499999999999,0.17548886491753,1.6404647983595353,0.0,-1.6404647983595353
s143,0.0041844566712517205,0.003959615384615384,-0.17540930784107564,0.6151742993848257,0.0,-0.6151742993848257
s115,747.9533277511962,739.3719509615386,-0.17531171189522893,0.0,0.0,0.0
s146,0.05526351813826146,0.05144903846153846,-0.1746197814907356,0.1367053998632946,0.0,-0.1367053998632946
s484,217.79632022237666,180.59559615384615,-0.17454751043547637,1.6404647983595353,0.0,-1.6404647983595353
s181,0.5493632010943913,0.5103173076923078,-0.1739999486836143,0.0683526999316473,0.0,-0.0683526999316473
s078,-0.013082835302293259,-0.0213875,-0.1734753588990263,1.6404647983595353,0.0,-1.6404647983595353
s102,0.0018416609471516813,-0.009071153846153847,-0.1733082363246454,0.4101161995898838,0.0,-0.4101161995898838
s175,0.776713269493844,0.7967451923076924,0.1722107512783682,0.0683526999316473,0.0,-0.0683526999316473
s351,0.027299861014593467,0.031519230769230765,0.17177803320335555,1.6404647983595353,0.0,-1.6404647983595353
s417,8.237010814510608,7.543214423076924,-0.1711169796834731,0.1367053998632946,0.0,-0.1367053998632946
s416,3.4160290921595595,3.2410451923076926,-0.16899584343857435,0.6151742993848257,0.0,-0.6151742993848257
s227,0.019005407255304585,0.020805769230769232,0.1673865801900008,0.1367053998632946,0.0,-0.1367053998632946
s453,5.485977154582764,5.109446153846154,-0.16728730224730687,0.0683526999316473,0.0,-0.0683526999316473
s446,1.1730511627906977,1.202444230769231,0.16685607918456563,0.0683526999316473,0.0,-0.0683526999316473
s037,66.2179221614227,66.26838653846153,0.16592439178744453,0.0683526999316473,0.0,-0.0683526999316473
s334,0.16648064516129032,0.1947471153846154,0.1635009999944701,0.4101161995898838,0.0,-0.4101161995898838
s479,3.2553563486616333,3.676194230769231,0.1594923653389346,0.4101161995898838,0.0,-0.4101161995898838
s317,0.17339555403556772,0.16185480769230767,-0.1594193969343481,0.0683526999316473,0.0,-0.0683526999316473
s324,13.262205471956225,14.315735576923077,0.15924335896924183,0.0683526999316473,0.0,-0.0683526999316473
s198,0.5516643788606725,0.6371346153846154,0.15895371176463893,0.4101161995898838,0.0,-0.4101161995898838
s336,9.656458310439561,10.855379807692307,0.1586687029853557,0.4784688995215311,0.0,-0.4784688995215311
s310,0.3042941176470588,0.31118557692307697,0.15857072512482842,0.0683526999316473,0.0,-0.0683526999316473
s067,13.468253328757722,62.207329807692304,0.15849987976637642,0.4101161995898838,0.0,-0.4101161995898838
s066,706.7896903912149,704.9710125,-0.1564712753021858,0.4101161995898838,0.0,-0.4101161995898838
s104,-5.817932922655713e-06,-0.00013846153846153847,-0.1559213102091348,0.1367053998632946,0.0,-0.1367053998632946
s360,0.0027390293916609706,0.005840384615384616,0.15504784731339416,0.0,0.0,0.0
s579,0.016720942408376963,0.018211111111111115,0.15457968474804656,60.833902939166094,56.730769230769226,-4.103133708396868
s279,0.04126440793976728,0.03814134615384615,-0.15392756842940694,0.1367053998632946,0.0,-0.1367053998632946
s144,0.12063559206023272,0.11119326923076923,-0.15392719378286254,0.1367053998632946,0.0,-0.1367053998632946
s470,5.316851750171586,6.080841346153846,0.153307922785587,0.4101161995898838,0.0,-0.4101161995898838
s385,0.011244942381562099,0.013429577464788733,0.1520737568802608,46.616541353383454,31.73076923076923,-14.885772122614224
s445,0.6456683310533516,0.6670740384615385,0.15154249479567203,0.0683526999316473,0.0,-0.0683526999316473
s030,0.18383214774281806,0.1887970873786408,0.15070872463649,0.0683526999316473,0.9615384615384616,0.8931857616068143
s112,0.4569235595390525,0.46429295774647894,0.1505818646225946,46.616541353383454,31.73076923076923,-14.885772122614224
s195,0.28318698630136985,0.3423300970873786,0.14965855689437263,0.2050580997949419,0.9615384615384616,0.7564803617435196
s174,0.319406292749658,0.3300442307692308,0.14931091895064022,0.0683526999316473,0.0,-0.0683526999316473
s172,0.3194064295485636,0.3300384615384615,0.1492361512647987,0.0683526999316473,0.0,-0.0683526999316473
s443,0.6325339945280437,0.6537211538461538,0.14759217774124303,0.0683526999316473,0.0,-0.0683526999316473
s521,10.600730006835269,25.8089125,0.147476151025823,0.0,0.0,0.0
s025,1.2055668946648426,1.1793999999999998,-0.14733572396839706,0.0683526999316473,0.9615384615384616,0.8931857616068143
s467,6.167931506849316,7.445026213592233,0.14723718979285366,0.2050580997949419,0.9615384615384616,0.7564803617435196
s170,0.6827922024623803,0.7059528846153846,0.14708186023596345,0.0683526999316473,0.0,-0.0683526999316473
s318,3.200332968536252,3.0262288461538462,-0.14318597882722472,0.0683526999316473,0.0,-0.0683526999316473
s278,0.0011207015130674002,0.0010721153846153845,-0.1428861149275479,0.6151742993848257,0.0,-0.6151742993848257
s587,0.016391792065663473,0.01764326923076923,0.14209164189853343,0.0683526999316473,0.0,-0.0683526999316473
s207,20.210871654083732,22.692019230769233,0.14179966130570643,0.4101161995898838,0.0,-0.4101161995898838
s494,0.8944098427887902,1.8290673076923079,0.14128936800721717,0.0,0.0,0.0
s331,0.08264486301369864,0.09155242718446602,0.14044357330086288,0.2050580997949419,0.9615384615384616,0.7564803617435196
s377,0.0015750855578370976,0.0015096153846153846,-0.14033130074794306,0.1367053998632946,0.0,-0.1367053998632946
s574,9.41139090909091,5.658487500000001,-0.13940870894851973,0.0,0.0,0.0
s332,2.5411085164835163,3.3267490384615384,0.13916901557665606,0.4784688995215311,0.0,-0.4784688995215311
s340,12.254869938229238,48.55767596153846,0.13869878810481948,0.4101161995898838,0.0,-0.4101161995898838
s335,3.373622443376801,4.173675,0.13838008577391642,0.4101161995898838,0.0,-0.4101161995898838
s010,6.228610540725528e-05,0.0013182692307692307,0.13502138666303928,0.1367053998632946,0.0,-0.1367053998632946
s454,7.910945485636114,7.501317307692309,-0.13388027567017177,0.0683526999316473,0.0,-0.0683526999316473
s441,0.8004476744186046,0.8250413461538462,0.1335069202965332,0.0683526999316473,0.0,-0.0683526999316473
s359,0.019777033492822966,0.020724999999999997,0.13283618516506193,0.0,0.0,0.0
s011,0.9644611225188228,0.9628307692307693,-0.1309304937400935,0.1367053998632946,0.0,-0.1367053998632946
s214,0.08376601806810284,0.07638365384615385,-0.13076390663140322,1.6404647983595353,0.0,-1.6404647983595353
s572,29.191639644565964,18.01961346153846,-0.12944866969120594,0.0,0.0,0.0
s128,3.189916781292985,3.2238557692307697,0.12847183381136731,0.6151742993848257,0.0,-0.6151742993848257
s222,0.008354613807245385,0.015384615384615384,0.1256776524978183,0.0,0.0,0.0
s182,10.815259917920656,10.2925,-0.12554120277192343,0.0683526999316473,0.0,-0.0683526999316473
s009,-0.0007152635181382615,-0.002607692307692308,-0.12519218463369083,0.1367053998632946,0.0,-0.1367053998632946
s272,41.15156609471517,43.371633009708745,0.12516224110879937,0.4101161995898838,0.9615384615384616,0.5514222619485778
s588,0.005259507523939808,0.005618269230769231,0.12513176096934,0.0683526999316473,0.0,-0.0683526999316473
s093,-0.0005655030800821356,-0.00018942307692307694,0.12495042204385717,0.1367053998632946,0.0,-0.1367053998632946
s343,6.154236238846946,6.818742307692308,0.12370210500827852,0.4101161995898838,0.0,-0.4101161995898838
s080,-0.018120708825573317,-0.02420480769230769,-0.12359518434134127,1.6404647983595353,0.0,-1.6404647983595353
s019,12.479256052269603,12.506132038834952,0.12330399143989317,0.6151742993848257,0.9615384615384616,0.34636416215363586
s485,202.92620903405142,176.0055971153846,-0.12309941022413284,1.6404647983595353,0.0,-1.6404647983595353
s134,39.416402336769764,39.050279807692306,-0.12242951252084146,0.5468215994531784,0.0,-0.5468215994531784
s087,0.9825244702665756,0.9809548076923077,-0.12217324614669933,0.0,0.0,0.0
s089,0.18826999292285915,0.19464660194174757,0.1217540625792668,3.417634996582365,0.9615384615384616,-2.4560965350439035
s204,27.641543033630747,96.33493653846152,0.12155944600825823,0.4101161995898838,0.0,-0.4101161995898838
s418,322.5749663928816,287.7276673076923,-0.12112184972958581,0.1367053998632946,0.0,-0.1367053998632946
s499,265.7990736481862,226.6257798076923,-0.12061807435846804,0.1367053998632946,0.0,-0.1367053998632946
s137,122.27824296499658,128.55922330097087,0.12020321440003613,0.4101161995898838,0.9615384615384616,0.5514222619485778
s339,9.280361839396019,10.009767307692307,0.12007263430206776,0.4101161995898838,0.0,-0.4101161995898838
s410,4.912671722717913,5.1651854368932035,0.11894316447208515,0.4101161995898838,0.9615384615384616,0.5514222619485778
s027,6.64831415868673,6.50114077669903,-0.11828287570661172,0.0683526999316473,0.9615384615384616,0.8931857616068143
s363,332.2118511677282,348.5162077669903,0.11746491451206038,3.417634996582365,0.9615384615384616,-2.4560965350439035
s106,0.000562525737817433,0.0002173076923076923,-0.1155381948904651,0.4101161995898838,0.0,-0.4101161995898838
s201,7.800068681318682,8.389423076923077,0.11545792557614039,0.4784688995215311,0.0,-0.4784688995215311
s476,20.018234660260813,21.72812980769231,0.11445395608948715,0.4101161995898838,0.0,-0.4101161995898838
s576,5.69223014354067,3.7563278846153847,-0.1144057725456326,0.0,0.0,0.0
s270,29.32367702331961,28.371660576923077,-0.113308142696379,0.3417634996582365,0.0,-0.3417634996582365
s047,1.1765340629274965,1.197976923076923,0.11307324388184542,0.0683526999316473,0.0,-0.0683526999316473
s008,1.4623094455852155,1.4706192307692305,0.11245158116043509,0.1367053998632946,0.0,-0.1367053998632946
s075,-0.0070705350938151485,-0.004585576923076922,0.11147225696933574,1.6404647983595353,0.0,-1.6404647983595353
s135,118.38203017832647,112.0576923076923,-0.10990318599678131,0.3417634996582365,0.0,-0.3417634996582365
s408,5.359734293552813,5.077336538461538,-0.10953641048828176,0.3417634996582365,0.0,-0.3417634996582365
s088,1807.4316734791526,1813.2076903846153,0.10788779007086262,0.0,0.0,0.0
s271,45.92827062457104,47.8544173076923,0.10780809951963231,0.4101161995898838,0.0,-0.4101161995898838
s383,0.548846050096339,0.4059933333333333,-0.10652543523294296,64.52494873547505,71.15384615384616,6.6288974183711105
s155,0.5150729023383769,0.39563106796116504,-0.10641392116615647,0.6151742993848257,0.9615384615384616,0.34636416215363586
s428,4.295597386519945,3.164128155339806,-0.10641380135680861,0.6151742993848257,0.9615384615384616,0.34636416215363586
s580,0.005372076788830716,0.0057,0.10523899289161388,60.833902939166094,56.730769230769226,-4.103133708396868
s561,32.15216190150478,34.15173365384616,0.10509635209779833,0.0683526999316473,0.0,-0.0683526999316473
s239,0.004584804928131417,0.004435576923076923,-0.10352952916060834,0.1367053998632946,0.0,-0.1367053998632946
s486,300.5426724113968,329.67441057692304,0.10137571528129313,1.6404647983595353,0.0,-1.6404647983595353
s288,0.003903904109589041,0.004200961538461538,0.10117431450692037,0.2050580997949419,0.0,-0.2050580997949419
s000,3014.947316403569,3007.52625,-0.10079986823624809,0.4101161995898838,0.0,-0.4101161995898838
s497,11.78714210898797,12.285918446601942,0.10062777110854047,3.417634996582365,0.9615384615384616,-2.4560965350439035
s086,2.4016230348598766,2.405367307692308,0.1002969772034843,0.0,0.0,0.0
s101,-5.7652711050102984e-06,-2.7884615384615386e-05,-0.10019526392864879,0.4101161995898838,0.0,-0.4101161995898838
s302,0.4020422024623803,0.4217961165048544,0.10001273115332268,0.0683526999316473,0.9615384615384616,0.8931857616068143
s541,9.59241615120275,9.880410576923076,0.09943268610297833,0.5468215994531784,0.0,-0.5468215994531784
s245,1.7532115606936416,1.3233766666666669,-0.09914048375109424,64.52494873547505,71.15384615384616,6.6288974183711105
s555,57.51724512694513,61.00195116279069,0.0989760949235841,16.541353383458645,17.307692307692307,0.7663389242336613
s273,20.155900414078676,20.534380769230772,0.09880800405772594,0.9569377990430622,0.0,-0.9569377990430622
s003,1399.290291994479,1355.7814346153848,-0.09850505058707584,0.9569377990430622,0.0,-0.9569377990430622
s083,7.455438235294117,7.40466923076923,-0.0983416335531821,0.0683526999316473,0.0,-0.0683526999316473
s238,0.004780424366872005,0.0049451923076923076,0.09703946470157149,0.1367053998632946,0.0,-0.1367053998632946
s559,0.3244140902872777,0.3439,0.09675618844678775,0.0683526999316473,0.0,-0.0683526999316473
s483,207.80324266851974,189.42007884615384,-0.09531651579257774,1.6404647983595353,0.0,-1.6404647983595353
s081,-0.021261362056984017,-0.019658653846153847,0.09415994908926283,1.6404647983595353,0.0,-1.6404647983595353
s517,1.7639612716763005,1.30538,-0.09376667963627607,64.52494873547505,71.15384615384616,6.6288974183711105
s020,1.4049505126452493,1.4065134615384616,0.09338323444001259,0.0,0.0,0.0
s044,10.032246785225718,10.015957692307692,-0.09306053879159436,0.0683526999316473,0.0,-0.0683526999316473
s558,0.9944912448700409,1.0022865384615385,0.09295655401749364,0.0683526999316473,0.0,-0.0683526999316473
s344,23.27191304049417,22.44988461538461,-0.09241236592080156,0.4101161995898838,0.0,-0.4101161995898838
s424,3.3540477397260275,2.773875961538462,-0.0917214689595536,0.2050580997949419,0.0,-0.2050580997949419
s406,6.713319587628867,6.972583653846153,0.09162623603747953,0.5468215994531784,0.0,-0.5468215994531784
s118,0.5984615010423905,0.5977221153846155,-0.09126508243443743,1.6404647983595353,0.0,-1.6404647983595353
s208,73.43497597803706,70.87344230769232,-0.09126449688449557,0.4101161995898838,0.0,-0.4101161995898838
s167,1.2320109439124485,1.2893203883495143,0.09056959699000403,0.0683526999316473,0.9615384615384616,0.8931857616068143
s151,14.232823287671232,11.444384615384614,-0.08994226170804161,0.2050580997949419,0.0,-0.2050580997949419
s544,0.0025074606433949345,0.002533653846153846,0.08863423457054775,0.1367053998632946,0.0,-0.1367053998632946
s307,0.1287608071135431,0.13117211538461537,0.0877872182781279,0.0683526999316473,0.0,-0.0683526999316473
s309,0.12876128590971272,0.1311701923076923,0.08769192444336135,0.0683526999316473,0.0,-0.0683526999316473
s153,0.011872328767123286,0.012686538461538461,0.08712153148151401,0.2050580997949419,0.0,-0.2050580997949419
s352,0.023432870048644895,0.022288461538461538,-0.08697994580602847,1.6404647983595353,0.0,-1.6404647983595353
s221,0.060583321941216677,0.06260576923076923,0.08678084585795184,0.0,0.0,0.0
s526,1.4489590567327408,1.3660653846153847,-0.08648924333420382,0.0,0.0,0.0
s254,0.013995557074504443,0.01320673076923077,-0.08637914326606537,0.0,0.0,0.0
s392,0.004549555707450445,0.0042971153846153845,-0.08541219965799232,0.0,0.0,0.0
s286,4.315229657534247,3.484928846153846,-0.08503843989501869,0.2050580997949419,0.0,-0.2050580997949419
s407,1.2299321649484536,1.260889423076923,0.08488158236440303,0.5468215994531784,0.0,-0.5468215994531784
s305,0.2645980848153215,0.26939711538461536,0.08362503176288522,0.0683526999316473,0.0,-0.0683526999316473
s376,0.0015978781656399727,0.0016423076923076925,0.08314685249689985,0.1367053998632946,0.0,-0.1367053998632946
s098,-0.015781606039807824,-0.0512201923076923,-0.082973014063961,0.4101161995898838,0.0,-0.4101161995898838
s426,1.2283993150684933,1.310483653846154,0.0824454441812472,0.2050580997949419,0.0,-0.2050580997949419
s043,355.57293194254447,355.0605432692307,-0.08218329097215296,0.0683526999316473,0.0,-0.0683526999316473
s439,70.85070184678523,67.7091572815534,-0.08186184108025406,0.0683526999316473,0.9615384615384616,0.8931857616068143
s120,6.311534859876965,6.301412499999999,-0.08143203796611659,0.0,0.0,0.0
s560,0.07216764705882352,0.0763201923076923,0.08051028169849132,0.0683526999316473,0.0,-0.0683526999316473
s581,98.44283717277487,91.45992888888888,-0.07978554836259376,60.833902939166094,56.730769230769226,-4.103133708396868
s225,1038.7113872611465,1073.2290932038836,0.07968626613626081,3.417634996582365,0.9615384615384616,-2.4560965350439035
s388,35.06453274094327,36.42900384615385,0.07920536658666727,0.0,0.0,0.0
s057,0.9492367808219179,0.948906796116505,-0.07902023086854858,0.2050580997949419,0.9615384615384616,0.7564803617435196
s161,4088.8953488372094,3753.9417475728155,-0.07901255923958837,0.0683526999316473,0.9615384615384616,0.8931857616068143
s568,2.4475830313014826,2.5257712499999996,0.07845148822210568,17.019822282980176,23.076923076923077,6.057100793942901
s493,2.525005058099795,2.6009644230769235,0.07799116826455296,0.0,0.0,0.0
s571,2.103255434039645,2.081873076923077,-0.07772241559145708,0.0,0.0,0.0
s415,6.651149068322982,6.344533653846154,-0.07745999086469392,0.9569377990430622,0.0,-0.9569377990430622
s489,270.9838826268242,288.57741730769226,0.07714882314394166,1.6404647983595353,0.0,-1.6404647983595353
s062,116.54615223061084,115.8883798076923,-0.0762279269719422,0.4101161995898838,0.0,-0.4101161995898838
s353,0.04040972897845726,0.039234615384615396,-0.07581733596591732,1.6404647983595353,0.0,-1.6404647983595353
s311,0.09748707250341997,0.09533749999999999,-0.07464785227363334,0.0683526999316473,0.0,-0.0683526999316473
s073,468.1360815602837,466.82109999999994,-0.07458820704351234,51.81134654818865,34.61538461538461,-17.19596193280404
s024,-284.4415182626539,-499.539640776699,-0.07410302643707599,0.0683526999316473,0.9615384615384616,0.8931857616068143
s215,0.08122675469075748,0.07898365384615386,-0.07369694751926191,1.6404647983595353,0.0,-1.6404647983595353
s060,355.18862855181885,354.7453269230769,-0.07354177339254707,0.4101161995898838,0.0,-0.4101161995898838
s269,3.772312027491409,3.8555634615384613,0.07224623199859248,0.5468215994531784,0.0,-0.5468215994531784
s131,0.9977975240715269,0.9979596153846154,0.0720221332906131,0.6151742993848257,0.0,-0.6151742993848257
s563,0.6801799011532125,0.67145875,-0.07162706553468459,17.019822282980176,23.076923076923077,6.057100793942901
s029,2.3643329685362517,2.39266213592233,0.06931629373225479,0.0683526999316473,0.9615384615384616,0.8931857616068143
s539,3.039889896907217,2.9551192307692307,-0.06765885862570598,0.5468215994531784,0.0,-0.5468215994531784
s117,58.65480881749829,58.219350000000006,-0.06714681626609953,0.0,0.0,0.0
s216,0.08336963168867269,0.08505961538461539,0.0655939839383852,1.6404647983595353,0.0,-1.6404647983595353
s006,101.08577322291235,101.49097211538461,0.06496472722978516,0.9569377990430622,0.0,-0.9569377990430622
s564,6.434481054365733,6.604375,0.0645105654055059,17.019822282980176,23.076923076923077,6.057100793942901
s296,1887.5381184678522,1761.2783330097088,-0.0639254007041071,0.0683526999316473,0.9615384615384616,0.8931857616068143
s438,54.55996415868673,56.70367572815533,0.06285060220135284,0.0683526999316473,0.9615384615384616,0.8931857616068143
s142,6.656245686680469,6.4370192307692315,-0.06171474272872082,0.9569377990430622,0.0,-0.9569377990430622
s048,139.99064753761968,139.71333557692307,-0.061294558213796715,0.0683526999316473,0.0,-0.0683526999316473
s107,-0.0014096774193548382,-0.00675673076923077,-0.06112680282014128,0.4101161995898838,0.0,-0.4101161995898838
s050,632.289171887825,631.762526923077,-0.060926174901157364,0.0683526999316473,0.0,-0.0683526999316473
s267,0.07070515463917526,0.0689326923076923,-0.059782183999686926,0.5468215994531784,0.0,-0.5468215994531784
s218,3.776088372093023,3.7064769230769232,-0.05947479720804471,0.0683526999316473,0.0,-0.0683526999316473
s447,0.2822363201094391,0.27710192307692305,-0.059384127829181545,0.0683526999316473,0.0,-0.0683526999316473
s474,37.53895164835165,39.010423076923075,0.05927874541088219,0.4784688995215311,0.0,-0.4784688995215311
s500,239.72055776865164,258.69346057692303,0.058739017012257394,0.1367053998632946,0.0,-0.1367053998632946
s224,0.05909207360226468,0.06318932038834953,0.05753651412633858,3.417634996582365,0.9615384615384616,-2.4560965350439035
s176,0.24500369357045143,0.2406980769230769,-0.057471216947789304,0.0683526999316473,0.0,-0.0683526999316473
s290,0.12445281980742778,0.10894563106796118,-0.05722483778805417,0.6151742993848257,0.9615384615384616,0.34636416215363586
s419,307.8241862422998,326.44035576923073,0.05720160254371087,0.1367053998632946,0.0,-0.1367053998632946
s054,4.838299315068493,4.841689320388349,0.05689773490063365,0.2050580997949419,0.9615384615384616,0.7564803617435196
s491,2.4380844934527914,2.506693269230769,0.056039971318261425,0.8202323991797676,0.0,-0.8202323991797676
s357,0.0009969676085458306,0.001025,0.0559613165306857,0.8202323991797676,0.0,-0.8202323991797676
s425,6.710385342465753,8.002597115384615,0.055560563012833485,0.2050580997949419,0.0,-0.2050580997949419
s004,4.404697929606626,1.3034048076923077,-0.05503084730903876,0.9569377990430622,0.0,-0.9569377990430622
s546,1.0410381654381653,1.0196418604651163,-0.05499405101938377,16.541353383458645,17.307692307692307,0.7663389242336613
s522,14.70296801093643,15.093179807692307,0.05492509991467865,0.0,0.0,0.0
s275,9.309547412008282,0.10601153846153848,-0.05447509836157499,0.9569377990430622,0.0,-0.9569377990430622
s140,27.926758247066942,0.3183855769230769,-0.054462751409395355,0.9569377990430622,0.0,-0.9569377990430622
s202,10.118003365384617,10.904902884615383,0.05381280607340841,0.4784688995215311,0.0,-0.4784688995215311
s442,1.3476127906976747,1.3121653846153845,-0.05377381480856261,0.0683526999316473,0.0,-0.0683526999316473
s578,0.021568760907504363,0.022197777777777775,0.053623208718449986,60.833902939166094,56.730769230769226,-4.103133708396868
s409,4.574106794783803,4.669020192307692,0.05341686590421541,0.4101161995898838,0.0,-0.4101161995898838
s362,0.018306015569709837,0.019437864077669904,0.05229373588284507,3.417634996582365,0.9615384615384616,-2.4560965350439035
s023,-3811.035567647059,-3739.0784786407767,0.052136692141936336,0.0683526999316473,0.9615384615384616,0.8931857616068143
s007,0.12179037138927098,0.12225673076923077,0.05204138239725196,0.6151742993848257,0.0,-0.6151742993848257
s116,0.9871626110731373,0.9866701923076923,-0.051852634717304454,0.0,0.0,0.0
s405,0.02424453608247423,0.023689423076923073,-0.05174301201376435,0.5468215994531784,0.0,-0.5468215994531784
s082,0.006180611535788742,0.004315384615384614,-0.051705131765521564,1.6404647983595353,0.0,-1.6404647983595353
s366,0.004805886379192334,0.004927884615384615,0.05120706962452201,0.1367053998632946,0.0,-0.1367053998632946
s061,10.422229512697323,10.435939423076924,0.04987654931595995,0.4101161995898838,0.0,-0.4101161995898838
s285,2.122967671232877,2.0752605769230774,-0.04954405202667907,0.2050580997949419,0.0,-0.2050580997949419
s035,64.56421757865937,64.43727307692308,-0.0493036492955898,0.0683526999316473,0.0,-0.0683526999316473
s384,1.2939674373795762,1.1380666666666666,-0.04920446380915237,64.52494873547505,71.15384615384616,6.6288974183711105
s219,0.003248656099241902,0.0033288461538461545,0.04871498298755909,0.8202323991797676,0.0,-0.8202323991797676
s150,6.824760958904111,6.666961538461539,-0.04867584223504578,0.2050580997949419,0.0,-0.2050580997949419
s255,0.4042243335611757,0.39855576923076924,-0.04710685588996809,0.0,0.0,0.0
s480,75.64863191489363,73.9900548076923,-0.046390529809344716,0.4101161995898838,0.0,-0.4101161995898838
s169,0.4010554035567716,0.39191262135922333,-0.0461948887301414,0.0683526999316473,0.9615384615384616,0.8931857616068143
s217,0.07149131341209174,0.07362884615384614,0.04618350959449931,1.6404647983595353,0.0,-1.6404647983595353
s487,240.27580340514245,228.10276057692312,-0.04613838489920134,1.6404647983595353,0.0,-1.6404647983595353
s136,138.03205216197668,140.47403846153844,0.0452976393235967,0.4101161995898838,0.0,-0.4101161995898838
s525,5.548502918693537,5.724975000000001,0.04501414211096256,1.6404647983595353,0.0,-1.6404647983595353
s253,0.033148505906879774,0.03415288461538461,0.04478813706507802,1.6404647983595353,0.0,-1.6404647983595353
s228,0.017812731006160164,0.018289423076923078,0.04436458601670769,0.1367053998632946,0.0,-0.1367053998632946
s516,0.7047809248554914,0.23112000000000002,-0.04392305239984656,64.52494873547505,71.15384615384616,6.6288974183711105
s382,0.0018897880539499032,0.0007166666666666666,-0.04387146706606037,64.52494873547505,71.15384615384616,6.6288974183711105
s244,0.005956647398843931,0.002266666666666667,-0.0436077105285405,64.52494873547505,71.15384615384616,6.6288974183711105
s527,6.400965071770335,6.321891346153846,-0.04186680058524627,0.0,0.0,0.0
s523,0.46539501025290503,0.2921423076923077,-0.041771991402260615,0.0,0.0,0.0
s358,0.002443720930232558,0.0024272727272727276,-0.04167186643952017,85.30416951469583,89.42307692307693,4.118907408381105
s389,0.0013710184552289814,0.0008788461538461539,-0.041653022895631144,0.0,0.0,0.0
s251,0.004387833219412166,0.002835576923076923,-0.041423887513571594,0.0,0.0,0.0
s282,0.005746954140999316,0.006091346153846154,0.040278040266381855,0.1367053998632946,0.0,-0.1367053998632946
s356,1.299650341997264,1.2842653846153846,-0.03976287759780866,0.0683526999316473,0.0,-0.0683526999316473
s321,2.2692451436388508,2.186160576923077,-0.03924647280291645,0.0683526999316473,0.0,-0.0683526999316473
s017,0.9714751369863015,0.9710057692307692,-0.03891159824984767,0.2050580997949419,0.0,-0.2050580997949419
s277,2.2138247757073843,2.1678278846153844,-0.03844488288618018,0.9569377990430622,0.0,-0.9569377990430622
s096,0.017688126286890874,0.009260576923076925,-0.038380638394962384,0.4101161995898838,0.0,-0.4101161995898838
s473,39.369835851648354,40.225003846153854,0.038080065846731084,0.4784688995215311,0.0,-0.4784688995215311
s548,75.67141195741195,75.79997674418605,0.03791886200440082,16.541353383458645,17.307692307692307,0.7663389242336613
s046,733.7033568399453,733.243414423077,-0.03779215476279365,0.0683526999316473,0.0,-0.0683526999316473
s091,0.0022207275223061086,0.0055096153846153845,0.037508862306227825,0.4101161995898838,0.0,-0.4101161995898838
s482,319.11555594162616,308.7728942307692,-0.036805142169824834,1.6404647983595353,0.0,-1.6404647983595353
s055,2856.2335616438354,2855.3009708737864,-0.036218077581133094,0.2050580997949419,0.9615384615384616,0.7564803617435196
s185,7.382995896032832,7.123173076923076,-0.036143125312583325,0.0683526999316473,0.0,-0.0683526999316473
s246,4.168471098265896,3.8074266666666667,-0.03594240110280777,64.52494873547505,71.15384615384616,6.6288974183711105
s355,0.03448922863099374,0.03528846153846154,0.03582928905125877,1.6404647983595353,0.0,-1.6404647983595353
s248,0.025054272043745725,0.026816346153846152,0.03578900255851959,0.0,0.0,0.0
s018,190.0539228767123,189.95513076923075,-0.035523430838816636,0.2050580997949419,0.0,-0.2050580997949419
s368,0.0031666437886067257,0.003241346153846154,0.03545971853642686,0.4101161995898838,0.0,-0.4101161995898838
s518,1.8153612716763003,1.6490433333333334,-0.03526752865456182,64.52494873547505,71.15384615384616,6.6288974183711105
s084,0.13311936595451412,0.13294807692307692,-0.033909881801987306,0.8202323991797676,0.0,-0.8202323991797676
s412,30.869988957902002,31.48711826923077,0.03351482535445248,0.9569377990430622,0.0,-0.9569377990430622
s045,136.72559008207932,136.98864326923075,0.03351317290919483,0.0683526999316473,0.0,-0.0683526999316473
s457,5.273763474692203,5.121714423076923,-0.03350768618271173,0.0683526999316473,0.0,-0.0683526999316473
s092,0.0005140314852840521,0.0004067307692307692,-0.03320950524425441,0.1367053998632946,0.0,-0.1367053998632946
s386,0.00824688995215311,0.008757692307692307,0.03298023960720821,0.0,0.0,0.0
s147,0.017352840520191648,0.018227884615384618,0.03226217601230166,0.1367053998632946,0.0,-0.1367053998632946
s303,0.04031422708618331,0.04076407766990292,0.03100148847927949,0.0683526999316473,0.9615384615384616,0.8931857616068143
s520,2.68430991114149,2.8604375,0.03088675416429997,0.0,0.0,0.0
s304,0.13220752393980847,0.13021650485436892,-0.030693674954111887,0.0683526999316473,0.9615384615384616,0.8931857616068143
s440,11.538861354309168,11.352811650485435,-0.030156509488458383,0.0683526999316473,0.9615384615384616,0.8931857616068143
s168,0.12430300957592338,0.12572815533980583,0.029915759284522503,0.0683526999316473,0.9615384615384616,0.8931857616068143
s109,0.9800065510597303,0.9797499999999999,-0.029505961647421818,64.52494873547505,71.15384615384616,6.6288974183711105
s173,0.5763789329685363,0.5735634615384615,-0.02940932583224137,0.0683526999316473,0.0,-0.0683526999316473
s072,150.31607673758867,150.83302500000002,0.02811261344249294,51.81134654818865,34.61538461538461,-17.19596193280404
s420,1.8155711841204656,1.9011971153846154,0.02800344951047112,0.1367053998632946,0.0,-0.1367053998632946
s250,109.54962337662337,111.07659423076925,0.02796789551269793,0.0,0.0,0.0
s354,0.041945170257123,0.04158653846153845,-0.027443723473815115,1.6404647983595353,0.0,-1.6404647983595353
s338,3.0272789835164833,3.181793269230769,0.027371777662626936,0.4784688995215311,0.0,-0.4784688995215311
s390,1.468733766233766,0.9132586538461539,-0.027327746133007983,0.0,0.0,0.0
s268,19.491305154639175,19.69175,0.027292185241184357,0.5468215994531784,0.0,-0.5468215994531784
s053,4.592872602739726,4.594368932038835,0.027230930698376593,0.2050580997949419,0.9615384615384616,0.7564803617435196
s209,0.03167467398764585,0.0,-0.027117016149812535,0.4101161995898838,0.0,-0.4101161995898838
s074,0.0028795470144131778,0.0,-0.027117016149812528,0.4101161995898838,0.0,-0.4101161995898838
s342,0.00030693205216197666,0.0,-0.02711701614981252,0.4101161995898838,0.0,-0.4101161995898838
s478,0.13726835964310227,0.0,-0.02711701614981251,0.4101161995898838,0.0,-0.4101161995898838
s206,0.0013726835964310226,0.0,-0.027117016149812503,0.4101161995898838,0.0,-0.4101161995898838
s347,0.009550240219629375,0.0,-0.027117016149812493,0.4101161995898838,0.0,-0.4101161995898838
s444,0.8953212038303693,0.8911288461538462,-0.02695673644039423,0.0683526999316473,0.0,-0.0683526999316473
s490,51.38633932968535,50.90006442307693,-0.026942509633611854,0.0683526999316473,0.0,-0.0683526999316473
s283,2.8144331964407936,2.6571971153846152,-0.026812312248865395,0.1367053998632946,0.0,-0.1367053998632946
s252,4.758911893369788,3.0442971153846154,-0.0266431712624497,0.0,0.0,0.0
s459,2.8360637482900133,2.8709432692307693,0.02592162295952521,0.0683526999316473,0.0,-0.0683526999316473
s496,29.90904232130219,29.274001941747574,-0.025792017281924415,3.417634996582365,0.9615384615384616,-2.4560965350439035
s413,25.693540579710145,24.48621923076923,-0.025520198227622175,0.9569377990430622,0.0,-0.9569377990430622
s051,157.32344671682628,158.79224326923077,0.024108230489508754,0.0683526999316473,0.0,-0.0683526999316473
s583,0.015290355677154581,0.015702884615384615,0.024012272427276084,0.0683526999316473,0.0,-0.0683526999316473
s012,199.96199514031488,199.88395769230766,-0.023957888690660022,0.1367053998632946,0.0,-0.1367053998632946
s162,4807.294117647059,4653.233009708738,-0.02350796954771318,0.0683526999316473,0.9615384615384616,0.8931857616068143
s524,5.7199311688311685,5.235524038461539,-0.02344274406856823,0.0,0.0,0.0
s323,5.389573734610123,5.447486538461539,0.022991678426148795,0.0683526999316473,0.0,-0.0683526999316473
s187,17.923194186046512,18.120384615384616,0.02290272373410218,0.0683526999316473,0.0,-0.0683526999316473
s540,1.9417202061855672,1.9583278846153847,0.022690306977997475,0.5468215994531784,0.0,-0.5468215994531784
s119,0.9707637047163363,0.9709653846153846,0.02253768821163887,0.0,0.0,0.0
s148,8.499317590691307,8.077825961538462,-0.022490791670396464,0.1367053998632946,0.0,-0.1367053998632946
s584,0.0038411764705882354,0.003922115384615385,0.02175517082411112,0.0683526999316473,0.0,-0.0683526999316473
s077,-0.007087074357192495,-0.006409615384615385,0.021596975859833122,1.6404647983595353,0.0,-1.6404647983595353
s274,136.4140935127674,134.59726538461538,-0.021222697666197082,0.9569377990430622,0.0,-0.9569377990430622
s421,4.18410636550308,4.039902884615385,-0.020857173916753898,0.1367053998632946,0.0,-0.1367053998632946
s552,0.2763167076167076,0.2819593023255814,0.02042711336141596,16.541353383458645,17.307692307692307,0.7663389242336613
s585,3.0630234610123117,3.1353442307692303,0.020212437031032475,0.0683526999316473,0.0,-0.0683526999316473
s361,39.959004511278195,39.61850961538461,-0.019962994055734554,0.0,0.0,0.0
s287,0.3769925342465754,0.2346798076923077,-0.019267008222287167,0.2050580997949419,0.0,-0.2050580997949419
s139,417.10420082815733,412.0683432692307,-0.019125886123174313,0.9569377990430622,0.0,-0.9569377990430622
s152,1.2254723287671234,0.7932798076923078,-0.018498174932626107,0.2050580997949419,0.0,-0.2050580997949419
s432,99.21857818057455,101.48333786407768,0.017947402694334334,0.0683526999316473,0.9615384615384616,0.8931857616068143
s549,0.6624850122850122,0.6742093023255814,0.017411990888350087,16.541353383458645,17.307692307692307,0.7663389242336613
s586,0.02144473324213406,0.02165096153846154,0.0166875999055304,0.0683526999316473,0.0,-0.0683526999316473
s297,2346.1918550615596,2295.0653291262133,-0.015843732673750867,0.0683526999316473,0.9615384615384616,0.8931857616068143
s391,0.010949061848505906,0.011051923076923079,0.01526650173856763,1.6404647983595353,0.0,-1.6404647983595353
s177,0.3950335157318741,0.39091346153846157,-0.01456348910668839,0.0683526999316473,0.0,-0.0683526999316473
s448,0.332493365253078,0.3291317307692307,-0.01422761537446128,0.0683526999316473,0.0,-0.0683526999316473
s495,6.810894736842105,6.764652884615385,-0.014184532655422,0.0,0.0,0.0
s171,0.12000896032831737,0.12083942307692307,0.01366232696389534,0.0683526999316473,0.0,-0.0683526999316473
s393,0.1340237867395762,0.1335076923076923,-0.013436987418158072,0.0,0.0,0.0
s306,0.04860047879616963,0.048941346153846155,0.013419997020021618,0.0683526999316473,0.0,-0.0683526999316473
s320,0.04307701778385773,0.043497115384615384,0.013175484925662548,0.0683526999316473,0.0,-0.0683526999316473
s184,0.14472188782489742,0.1461307692307692,0.01278503335303281,0.0683526999316473,0.0,-0.0683526999316473
s312,0.16014876880984952,0.15867403846153844,-0.012570608534681432,0.0683526999316473,0.0,-0.0683526999316473
s350,0.02318999305072967,0.023369230769230767,0.012511659528854512,1.6404647983595353,0.0,-1.6404647983595353
s367,0.003775497597803706,0.0037423076923076923,-0.012296744996826751,0.4101161995898838,0.0,-0.4101161995898838
s566,2.61009176276771,2.6226737499999997,0.012182862536670336,17.019822282980176,23.076923076923077,6.057100793942901
s015,413.0992897260274,412.8999653846153,-0.011574429295057156,0.2050580997949419,0.0,-0.2050580997949419
s345,7.975312907801418,7.7827779411764695,-0.010993853033067512,51.81134654818865,34.61538461538461,-17.19596193280404
s346,5.786559574468085,5.600722058823529,-0.010882010585685829,51.81134654818865,34.61538461538461,-17.19596193280404
s589,99.7364946648427,98.7362375,-0.01065328274316525,0.0683526999316473,0.0,-0.0683526999316473
s001,2495.906115305422,2495.059708737864,-0.01052643608944004,0.4101161995898838,0.9615384615384616,0.5514222619485778
s289,2.5797009589041098,2.563083653846154,-0.010276669249534973,0.2050580997949419,0.0,-0.2050580997949419
s036,49.41817017783858,49.40612884615385,-0.010181920674220038,0.0683526999316473,0.0,-0.0683526999316473
s034,50.58183891928864,50.59387980769231,0.010181551958150207,0.0683526999316473,0.0,-0.0683526999316473
s094,-2.9032258064516133e-05,-3.076923076923078e-05,-0.009974874275160115,0.4101161995898838,0.0,-0.4101161995898838
s212,0.05141091035441279,0.05172500000000001,0.00994658269739025,1.6404647983595353,0.0,-1.6404647983595353
s041,3.351491869353718,3.374849038461538,0.009895323598388581,1.6404647983595353,0.0,-1.6404647983595353
s016,9.906091575342467,9.928818269230769,0.009454224108062412,0.2050580997949419,0.0,-0.2050580997949419
s156,0.05804313055365686,0.05872788461538462,0.00864867056879055,0.0,0.0,0.0
s039,118.68057920656636,118.66514807692307,-0.008538596470978453,0.0683526999316473,0.0,-0.0683526999316473
s071,104.3462796156486,104.08742115384615,-0.008178291732901395,0.4101161995898838,0.0,-0.4101161995898838
s570,530.5313482570061,530.4149557692308,-0.006651099631208397,0.0,0.0,0.0
s308,0.21842879616963062,0.21820961538461542,-0.006524555061625333,0.0683526999316473,0.0,-0.0683526999316473
s154,7.695783835616439,7.728674038461538,0.006277691987015306,0.2050580997949419,0.0,-0.2050580997949419
s113,0.94541989063568,0.9454846153846154,0.005334660113153912,0.0,0.0,0.0
s472,137.87286449175824,138.1059826923077,0.004887374701560928,0.4784688995215311,0.0,-0.4784688995215311
s223,122.86227505126452,122.6256576923077,-0.004289965687772407,0.0,0.0,0.0
s002,2200.5548855762595,2200.441876923077,-0.003829094668116907,0.9569377990430622,0.0,-0.9569377990430622
s456,12.323816894664844,12.351951923076923,0.003462399479445508,0.0683526999316473,0.0,-0.0683526999316473
s427,4.0578919178082185,4.067049038461539,0.003010087346975515,0.2050580997949419,0.0,-0.2050580997949419
s108,-0.010804941660947151,-0.010559615384615388,0.002827715485993658,0.4101161995898838,0.0,-0.4101161995898838
s105,-0.0004982841455044612,-0.0004923076923076923,0.0018662832131579547,0.4101161995898838,0.0,-0.4101161995898838
s132,2.3185394501718215,2.3186173076923073,0.00146401549644439,0.5468215994531784,0.0,-0.5468215994531784
s429,4.1713712235133285,4.178489423076924,0.0011061021970184054,0.0,0.0,0.0
s291,0.01992617908407382,0.019926923076923078,2.912043735568381e-05,0.0,0.0,0.0
