sensor,mean contribution in spike,mean contribution outside,difference
s345,-0.01386,-0.06437,0.05052
s460,0.01868,-0.02767,0.04635
s130,0.02004,-0.02031,0.04035
s059,-0.34765,-0.37543,0.02778
s477,-0.02571,-0.04491,0.0192
s102,0.01044,-0.00564,0.01608
s171,0.02436,0.01002,0.01434
s072,0.00044,-0.01255,0.01298
s125,0.00112,-0.00941,0.01053
s021,0.0215,0.01242,0.00908
s041,0.02782,0.01938,0.00844
s333,0.01688,0.00846,0.00842
s063,-0.00857,-0.01484,0.00627
s469,0.01671,0.01052,0.00618
s000,-0.00178,-0.00723,0.00545
s155,-0.00123,-0.00624,0.00501
s121,-0.00702,-0.01184,0.00482
s163,0.01419,0.00995,0.00425
s416,0.00296,-0.00074,0.0037
s227,-0.00366,-0.00735,0.00369
s031,0.01327,0.0097,0.00357
s336,-0.00038,-0.00393,0.00355
s570,0.00163,-0.00192,0.00355
s344,0.00647,0.00325,0.00322
s143,0.0028,-0.00027,0.00307
s165,0.00846,0.00564,0.00282
s213,-0.00835,-0.01075,0.0024
s065,0.00857,0.0063,0.00227
s425,-0.02632,-0.02851,0.00218
s115,-0.00089,-0.00304,0.00215
s038,0.01431,0.01219,0.00212
s129,0.00101,-0.00102,0.00203
s224,-4e-05,-0.00202,0.00197
s491,0.00154,-0.00033,0.00188
s485,0.00619,0.00434,0.00185
s019,0.00018,-0.00166,0.00184
s238,0.00065,-0.00111,0.00177
s198,0.00695,0.0052,0.00175
s457,0.00042,-0.00127,0.00169
s091,-0.00255,-0.00414,0.00158
s510,-0.01236,-0.01394,0.00158
s197,0.00557,0.00414,0.00143
s150,0.00016,-0.00122,0.00138
s484,0.00814,0.00685,0.00129
s039,0.00119,-5e-05,0.00125
s351,0.00065,-0.00058,0.00123
s064,-0.01663,-0.01783,0.0012
s205,-0.0026,-0.00379,0.00119
s096,-0.00011,-0.00126,0.00115
s024,0.00159,0.00067,0.00092
s341,-0.00224,-0.00311,0.00087
s385,-0.01446,-0.01531,0.00085
s390,0.00254,0.00168,0.00085
s113,0.00942,0.0087,0.00072
s308,0.00137,0.00067,0.0007
s554,0.00022,-0.00047,0.00069
s252,0.00015,-0.00053,0.00068
s291,0.00097,0.00039,0.00058
s045,0.00327,0.00274,0.00053
s343,0.00047,-6e-05,0.00052
s168,-0.00067,-0.00117,0.0005
s010,-0.00056,-0.00105,0.00049
s304,0.01034,0.00988,0.00046
s541,-0.0019,-0.00225,0.00036
s470,0.00216,0.0018,0.00035
s050,0.00096,0.00074,0.00022
s524,0.00018,6e-05,0.00012
s015,0.00121,0.0011,0.00011
s301,-0.00041,-0.00051,0.0001
s430,0.00041,0.00032,9e-05
s199,-0.00047,-0.00054,7e-05
s075,0.0013,0.00126,4e-05
s117,-0.00079,-0.00082,4e-05
s552,-0.00273,-0.00276,4e-05
s086,0.00051,0.00048,3e-05
s217,0.00065,0.00063,2e-05
s003,0.0,0.0,0.0
s004,0.0,0.0,0.0
s006,0.0,0.0,0.0
s007,0.0,0.0,0.0
s584,0.0,0.0,0.0
s011,0.0,0.0,0.0
s453,0.0,0.0,0.0
s452,0.0,0.0,0.0
s493,0.0,0.0,0.0
s490,0.0,0.0,0.0
s489,0.0,0.0,0.0
s487,0.0,0.0,0.0
s030,0.0,0.0,0.0
s062,0.0,0.0,0.0
s061,0.0,0.0,0.0
s476,0.0,0.0,0.0
s012,0.0,0.0,0.0
s588,0.0,0.0,0.0
s586,0.0,0.0,0.0
s585,0.0,0.0,0.0
s456,0.0,0.0,0.0
s134,0.0,0.0,0.0
s132,0.0,0.0,0.0
s127,0.0,0.0,0.0
s124,0.0,0.0,0.0
s123,0.0,0.0,0.0
s122,0.0,0.0,0.0
s092,0.0,0.0,0.0
s089,0.0,0.0,0.0
s088,0.0,0.0,0.0
s087,0.0,0.0,0.0
s084,0.0,0.0,0.0
s118,0.0,0.0,0.0
s116,0.0,0.0,0.0
s557,0.0,0.0,0.0
s550,0.0,0.0,0.0
s549,0.0,0.0,0.0
s548,0.0,0.0,0.0
s547,0.0,0.0,0.0
s546,0.0,0.0,0.0
s545,0.0,0.0,0.0
s544,0.0,0.0,0.0
s543,0.0,0.0,0.0
s542,0.0,0.0,0.0
s540,0.0,0.0,0.0
s539,0.0,0.0,0.0
s105,0.0,0.0,0.0
s104,0.0,0.0,0.0
s103,0.0,0.0,0.0
s101,0.0,0.0,0.0
s135,0.0,0.0,0.0
s071,0.0,0.0,0.0
s070,0.0,0.0,0.0
s068,0.0,0.0,0.0
s067,0.0,0.0,0.0
s066,0.0,0.0,0.0
s100,0.0,0.0,0.0
s099,0.0,0.0,0.0
s142,0.0,0.0,0.0
s140,0.0,0.0,0.0
s139,0.0,0.0,0.0
s138,0.0,0.0,0.0
s137,0.0,0.0,0.0
s120,0.0,0.0,0.0
s553,0.0,0.0,0.0
s551,0.0,0.0,0.0
s154,0.0,0.0,0.0
s527,0.0,0.0,0.0
s153,0.0,0.0,0.0
s152,0.0,0.0,0.0
s151,0.0,0.0,0.0
s148,0.0,0.0,0.0
s147,0.0,0.0,0.0
s146,0.0,0.0,0.0
s145,0.0,0.0,0.0
s144,0.0,0.0,0.0
s114,0.0,0.0,0.0
s112,0.0,0.0,0.0
s107,0.0,0.0,0.0
s106,0.0,0.0,0.0
s073,0.0,0.0,0.0
s180,0.0,0.0,0.0
s177,0.0,0.0,0.0
s176,0.0,0.0,0.0
s174,0.0,0.0,0.0
s173,0.0,0.0,0.0
s212,0.0,0.0,0.0
s136,0.0,0.0,0.0
s170,0.0,0.0,0.0
s169,0.0,0.0,0.0
s167,0.0,0.0,0.0
s166,0.0,0.0,0.0
s164,0.0,0.0,0.0
s162,0.0,0.0,0.0
s161,0.0,0.0,0.0
s160,0.0,0.0,0.0
s156,0.0,0.0,0.0
s202,0.0,0.0,0.0
s201,0.0,0.0,0.0
s200,0.0,0.0,0.0
s248,0.0,0.0,0.0
s239,0.0,0.0,0.0
s228,0.0,0.0,0.0
s196,0.0,0.0,0.0
s195,0.0,0.0,0.0
s188,0.0,0.0,0.0
s187,0.0,0.0,0.0
s185,0.0,0.0,0.0
s184,0.0,0.0,0.0
s183,0.0,0.0,0.0
s182,0.0,0.0,0.0
s181,0.0,0.0,0.0
s054,0.0,0.0,0.0
s053,0.0,0.0,0.0
s051,0.0,0.0,0.0
s048,0.0,0.0,0.0
s047,0.0,0.0,0.0
s082,0.0,0.0,0.0
s274,0.0,0.0,0.0
s272,0.0,0.0,0.0
s271,0.0,0.0,0.0
s270,0.0,0.0,0.0
s269,0.0,0.0,0.0
s211,0.0,0.0,0.0
s210,0.0,0.0,0.0
s208,0.0,0.0,0.0
s207,0.0,0.0,0.0
s204,0.0,0.0,0.0
s225,0.0,0.0,0.0
s223,0.0,0.0,0.0
s222,0.0,0.0,0.0
s221,0.0,0.0,0.0
s218,0.0,0.0,0.0
s216,0.0,0.0,0.0
s215,0.0,0.0,0.0
s275,0.0,0.0,0.0
s098,0.0,0.0,0.0
s095,0.0,0.0,0.0
s094,0.0,0.0,0.0
s093,0.0,0.0,0.0
s060,0.0,0.0,0.0
s058,0.0,0.0,0.0
s057,0.0,0.0,0.0
s305,0.0,0.0,0.0
s303,0.0,0.0,0.0
s268,0.0,0.0,0.0
s267,0.0,0.0,0.0
s255,0.0,0.0,0.0
s254,0.0,0.0,0.0
s253,0.0,0.0,0.0
s251,0.0,0.0,0.0
s250,0.0,0.0,0.0
s249,0.0,0.0,0.0
s295,0.0,0.0,0.0
s294,0.0,0.0,0.0
s290,0.0,0.0,0.0
s289,0.0,0.0,0.0
s288,0.0,0.0,0.0
s287,0.0,0.0,0.0
s324,0.0,0.0,0.0
s323,0.0,0.0,0.0
s321,0.0,0.0,0.0
s320,0.0,0.0,0.0
s286,0.0,0.0,0.0
s285,0.0,0.0,0.0
s283,0.0,0.0,0.0
s282,0.0,0.0,0.0
s281,0.0,0.0,0.0
s280,0.0,0.0,0.0
s279,0.0,0.0,0.0
s278,0.0,0.0,0.0
s277,0.0,0.0,0.0
s311,0.0,0.0,0.0
s309,0.0,0.0,0.0
s306,0.0,0.0,0.0
s354,0.0,0.0,0.0
s352,0.0,0.0,0.0
s350,0.0,0.0,0.0
s349,0.0,0.0,0.0
s348,0.0,0.0,0.0
s346,0.0,0.0,0.0
s302,0.0,0.0,0.0
s589,0.0,0.0,0.0
s298,0.0,0.0,0.0
s297,0.0,0.0,0.0
s296,0.0,0.0,0.0
s337,0.0,0.0,0.0
s335,0.0,0.0,0.0
s334,0.0,0.0,0.0
s332,0.0,0.0,0.0
s331,0.0,0.0,0.0
s040,0.0,0.0,0.0
s037,0.0,0.0,0.0
s036,0.0,0.0,0.0
s034,0.0,0.0,0.0
s032,0.0,0.0,0.0
s363,0.0,0.0,0.0
s362,0.0,0.0,0.0
s360,0.0,0.0,0.0
s359,0.0,0.0,0.0
s357,0.0,0.0,0.0
s319,0.0,0.0,0.0
s318,0.0,0.0,0.0
s317,0.0,0.0,0.0
s316,0.0,0.0,0.0
s312,0.0,0.0,0.0
s355,0.0,0.0,0.0
s340,0.0,0.0,0.0
s338,0.0,0.0,0.0
s387,0.0,0.0,0.0
s386,0.0,0.0,0.0
s376,0.0,0.0,0.0
s368,0.0,0.0,0.0
s367,0.0,0.0,0.0
s366,0.0,0.0,0.0
s365,0.0,0.0,0.0
s081,0.0,0.0,0.0
s080,0.0,0.0,0.0
s078,0.0,0.0,0.0
s077,0.0,0.0,0.0
s076,0.0,0.0,0.0
s044,0.0,0.0,0.0
s043,0.0,0.0,0.0
s001,0.0,0.0,0.0
s429,0.0,0.0,0.0
s526,0.0,0.0,0.0
s525,0.0,0.0,0.0
s522,0.0,0.0,0.0
s521,0.0,0.0,0.0
s520,0.0,0.0,0.0
s511,0.0,0.0,0.0
s500,0.0,0.0,0.0
s499,0.0,0.0,0.0
s496,0.0,0.0,0.0
s495,0.0,0.0,0.0
s494,0.0,0.0,0.0
s415,0.0,0.0,0.0
s413,0.0,0.0,0.0
s411,0.0,0.0,0.0
s443,0.0,0.0,0.0
s442,0.0,0.0,0.0
s441,0.0,0.0,0.0
s410,0.0,0.0,0.0
s409,0.0,0.0,0.0
s408,0.0,0.0,0.0
s407,0.0,0.0,0.0
s406,0.0,0.0,0.0
s405,0.0,0.0,0.0
s393,0.0,0.0,0.0
s392,0.0,0.0,0.0
s391,0.0,0.0,0.0
s389,0.0,0.0,0.0
s388,0.0,0.0,0.0
s432,0.0,0.0,0.0
s431,0.0,0.0,0.0
s473,0.0,0.0,0.0
s471,0.0,0.0,0.0
s468,0.0,0.0,0.0
s467,0.0,0.0,0.0
s459,0.0,0.0,0.0
s428,0.0,0.0,0.0
s427,0.0,0.0,0.0
s426,0.0,0.0,0.0
s424,0.0,0.0,0.0
s421,0.0,0.0,0.0
s420,0.0,0.0,0.0
s419,0.0,0.0,0.0
s418,0.0,0.0,0.0
s448,0.0,0.0,0.0
s447,0.0,0.0,0.0
s444,0.0,0.0,0.0
s583,0.0,0.0,0.0
s582,0.0,0.0,0.0
s577,0.0,0.0,0.0
s576,0.0,0.0,0.0
s575,0.0,0.0,0.0
s483,0.0,0.0,0.0
s482,0.0,0.0,0.0
s480,0.0,0.0,0.0
s479,0.0,0.0,0.0
s440,0.0,0.0,0.0
s439,0.0,0.0,0.0
s438,0.0,0.0,0.0
s436,0.0,0.0,0.0
s435,0.0,0.0,0.0
s433,0.0,0.0,0.0
s474,0.0,0.0,0.0
s556,0.0,0.0,0.0
s569,0.0,0.0,0.0
s568,0.0,0.0,0.0
s567,0.0,0.0,0.0
s566,0.0,0.0,0.0
s565,0.0,0.0,0.0
s564,0.0,0.0,0.0
s561,0.0,0.0,0.0
s560,0.0,0.0,0.0
s559,0.0,0.0,0.0
s558,0.0,0.0,0.0
s018,0.0,0.0,0.0
s017,0.0,0.0,0.0
s016,0.0,0.0,0.0
s002,0.0,0.0,0.0
s008,0.0,0.0,0.0
s454,0.0,0.0,0.0
s046,0.0,0.0,0.0
s029,0.0,0.0,0.0
s028,0.0,0.0,0.0
s027,0.0,0.0,0.0
s026,0.0,0.0,0.0
s025,0.0,0.0,0.0
s023,0.0,0.0,0.0
s022,0.0,0.0,0.0
s020,0.0,0.0,0.0
s574,0.0,0.0,0.0
s573,0.0,0.0,0.0
s572,0.0,0.0,0.0
s571,0.0,0.0,0.0
s009,0.0,0.0,0.0
s014,0.0,0.0,0.0
s055,0.00322,0.00324,-1e-05
s056,0.00174,0.00183,-9e-05
s455,0.00152,0.00165,-0.00013
s119,-0.0015,-0.00132,-0.00019
s417,-0.00464,-0.00434,-0.0003
s445,0.00086,0.00117,-0.00031
s159,-3e-05,0.00033,-0.00036
s377,0.00868,0.00905,-0.00037
s437,-3e-05,0.00037,-0.0004
s300,0.00875,0.00916,-0.00041
s356,0.00104,0.00152,-0.00047
s079,-0.00541,-0.00489,-0.00053
s083,0.00781,0.0084,-0.00058
s423,6e-05,0.00079,-0.00074
s563,-0.00131,-0.00045,-0.00086
s361,-0.00028,0.00065,-0.00093
s273,0.00148,0.00253,-0.00105
s172,-0.00464,-0.00356,-0.00108
s203,-0.00154,-0.00025,-0.00128
s090,-0.00057,0.00077,-0.00134
s219,0.00107,0.00252,-0.00146
s033,-0.00299,-0.00148,-0.00151
s555,-0.00702,-0.00546,-0.00155
s108,-0.00173,-0.00015,-0.00158
s133,-0.00775,-0.00615,-0.00159
s214,0.00021,0.00193,-0.00172
s472,-0.00026,0.00154,-0.0018
s126,0.00141,0.00322,-0.00181
s299,0.00456,0.00666,-0.00211
s247,-0.01623,-0.01398,-0.00225
s412,-0.00229,0.00011,-0.0024
s339,-0.00427,-0.00167,-0.0026
s488,0.00609,0.00889,-0.0028
s434,-0.00074,0.00209,-0.00283
s562,-0.00156,0.00128,-0.00284
s486,-0.0017,0.00148,-0.00318
s307,-0.00431,-0.00088,-0.00342
s523,-0.00655,-0.00307,-0.00348
s128,-0.00151,0.0021,-0.00361
s175,-0.0047,-0.00092,-0.00377
s035,-0.00829,-0.00254,-0.00575
s353,-0.0053,0.00114,-0.00644
s497,-0.00367,0.00318,-0.00685
s310,-0.00296,0.00417,-0.00712
s519,-0.08065,-0.0728,-0.00784
s131,0.00399,0.01193,-0.00793
s446,-0.00499,0.00386,-0.00885
s475,-0.03218,-0.02203,-0.01014
s587,-0.00916,0.0043,-0.01346
